{
  "uas":0.0,
  "las":0.0,
  "ents_p":57.7777777778,
  "ents_r":49.7974217311,
  "ents_f":53.4915924827,
  "tags_acc":92.0038132829,
  "token_acc":85.9209046608
}