{
  "uas":0.0,
  "las":0.0,
  "ents_p":56.7601506907,
  "ents_r":49.9447513812,
  "ents_f":53.1347962382,
  "tags_acc":92.0038132829,
  "token_acc":85.9209046608
}