{
  "uas":0.0,
  "las":0.0,
  "ents_p":54.8693586698,
  "ents_r":39.7590361446,
  "ents_f":46.1077844311,
  "tags_acc":92.2385558687,
  "token_acc":86.5618298785
}