{
  "las":0.0,
  "ents_f":54.1143654114,
  "ents_p":58.9409722222,
  "uas":0.0,
  "tags_acc":91.8935208438,
  "token_acc":85.8994021722,
  "ents_r":50.0184162063
}