{
  "las":0.0,
  "ents_f":53.6904761905,
  "ents_p":58.1935483871,
  "uas":0.0,
  "tags_acc":91.8935208438,
  "token_acc":85.8994021722,
  "ents_r":49.8342541436
}