{
  "uas":0.0,
  "las":0.0,
  "ents_p":38.3561643836,
  "ents_r":9.6385542169,
  "ents_f":15.4057771664,
  "tags_acc":92.2385558687,
  "token_acc":86.5618298785
}