{
  "uas":0.0,
  "las":0.0,
  "ents_p":58.4701815039,
  "ents_r":49.8342541436,
  "ents_f":53.8079140982,
  "tags_acc":92.0038132829,
  "token_acc":85.9209046608
}