{
  "las":0.0,
  "ents_f":52.5460669705,
  "ents_p":56.8610634648,
  "uas":0.0,
  "tags_acc":91.8935208438,
  "token_acc":85.8994021722,
  "ents_r":48.8397790055
}