{
  "uas":0.0,
  "las":0.0,
  "ents_p":48.9841986456,
  "ents_r":37.3493975904,
  "ents_f":42.3828125,
  "tags_acc":92.2385558687,
  "token_acc":86.5618298785
}