{
  "uas":0.0,
  "las":0.0,
  "ents_p":57.6515472658,
  "ents_r":50.0920810313,
  "ents_f":53.6066219945,
  "tags_acc":92.0038132829,
  "token_acc":85.9209046608
}