{
  "uas":0.0,
  "las":0.0,
  "ents_p":48.3028720627,
  "ents_r":31.8416523236,
  "ents_f":38.3817427386,
  "tags_acc":92.2385558687,
  "token_acc":86.5618298785
}