{
  "uas":0.0,
  "las":0.0,
  "ents_p":48.6419753086,
  "ents_r":33.9070567986,
  "ents_f":39.9594320487,
  "tags_acc":92.2385558687,
  "token_acc":86.5618298785
}