{
  "uas":0.0,
  "las":0.0,
  "ents_p":49.537037037,
  "ents_r":36.8330464716,
  "ents_f":42.2507403751,
  "tags_acc":92.2385558687,
  "token_acc":86.5618298785
}