{
  "las":0.0,
  "ents_f":54.2379625945,
  "ents_p":58.9787970576,
  "uas":0.0,
  "tags_acc":91.8935208438,
  "token_acc":85.8994021722,
  "ents_r":50.2025782689
}