{
  "uas":0.0,
  "las":0.0,
  "ents_p":56.2200956938,
  "ents_r":40.4475043029,
  "ents_f":47.047047047,
  "tags_acc":92.2385558687,
  "token_acc":86.5618298785
}