{
  "uas":0.0,
  "las":0.0,
  "ents_p":52.5059665871,
  "ents_r":37.8657487091,
  "ents_f":44.0,
  "tags_acc":92.2385558687,
  "token_acc":86.5618298785
}