{
  "uas":0.0,
  "las":0.0,
  "ents_p":54.8304213772,
  "ents_r":39.3001841621,
  "ents_f":45.7841664879,
  "tags_acc":92.0038132829,
  "token_acc":85.9209046608
}