{
  "las":0.0,
  "ents_f":54.0856031128,
  "ents_p":57.3195876289,
  "uas":0.0,
  "tags_acc":91.8935208438,
  "token_acc":85.8994021722,
  "ents_r":51.197053407
}