{
  "vectors":{
    "keys":0,
    "width":0,
    "vectors":0
  },
  "name":"unnamed",
  "spacy_version":">=2.0.12.dev0",
  "pipeline":[
    "ner"
  ],
  "version":"0.0.0",
  "lang":"ar",
  "accuracy":{
    "las":0.0,
    "ents_f":54.0856031128,
    "ents_p":57.3195876289,
    "uas":0.0,
    "tags_acc":91.8935208438,
    "token_acc":85.8994021722,
    "ents_r":51.197053407
  },
  "speed":{
    "cpu":10202.7130198947,
    "nwords":31949,
    "gpu":null
  }
}