{
  "uas":0.0,
  "las":0.0,
  "ents_p":59.0142671855,
  "ents_r":50.2762430939,
  "ents_f":54.2959427208,
  "tags_acc":92.0038132829,
  "token_acc":85.9209046608
}