{
  "uas":0.0,
  "las":0.0,
  "ents_p":51.6279069767,
  "ents_r":38.2099827883,
  "ents_f":43.9169139466,
  "tags_acc":92.2385558687,
  "token_acc":86.5618298785
}