{
  "las":0.0,
  "ents_f":54.7083416285,
  "ents_p":59.5320623917,
  "uas":0.0,
  "tags_acc":91.8935208438,
  "token_acc":85.8994021722,
  "ents_r":50.6077348066
}