{
  "uas":0.0,
  "las":0.0,
  "ents_p":53.3333333333,
  "ents_r":39.9311531842,
  "ents_f":45.6692913386,
  "tags_acc":92.2385558687,
  "token_acc":86.5618298785
}