{
  "uas":0.0,
  "las":0.0,
  "ents_p":52.6436781609,
  "ents_r":39.4148020654,
  "ents_f":45.0787401575,
  "tags_acc":92.2385558687,
  "token_acc":86.5618298785
}