{
  "uas":0.0,
  "las":0.0,
  "ents_p":49.8823529412,
  "ents_r":36.4888123924,
  "ents_f":42.1471172962,
  "tags_acc":92.2385558687,
  "token_acc":86.5618298785
}