{
  "uas":0.0,
  "las":0.0,
  "ents_p":48.4234234234,
  "ents_r":37.0051635112,
  "ents_f":41.9512195122,
  "tags_acc":92.2385558687,
  "token_acc":86.5618298785
}