{
  "uas":0.0,
  "las":0.0,
  "ents_p":0.0,
  "ents_r":0.0,
  "ents_f":0.0,
  "tags_acc":9.6596259922,
  "token_acc":5.1322373124
}