{
  "uas":0.0,
  "las":0.0,
  "ents_p":56.2097120756,
  "ents_r":48.1767955801,
  "ents_f":51.8841729472,
  "tags_acc":92.0038132829,
  "token_acc":85.9209046608
}