{
  "uas":0.0,
  "las":0.0,
  "ents_p":0.0,
  "ents_r":0.0,
  "ents_f":0.0,
  "tags_acc":19.4510268562,
  "token_acc":11.4397065566
}