{
  "uas":0.0,
  "las":0.0,
  "ents_p":58.6236933798,
  "ents_r":49.576427256,
  "ents_f":53.7218120136,
  "tags_acc":92.0038132829,
  "token_acc":85.9209046608
}