{
  "uas":0.0,
  "las":0.0,
  "ents_p":58.0008399832,
  "ents_r":50.8655616943,
  "ents_f":54.1993720565,
  "tags_acc":92.0038132829,
  "token_acc":85.9209046608
}