{
  "uas":0.0,
  "las":0.0,
  "ents_p":53.2219570406,
  "ents_r":38.3820998279,
  "ents_f":44.6,
  "tags_acc":92.2385558687,
  "token_acc":86.5618298785
}