{
  "las":0.0,
  "ents_f":54.2986425339,
  "ents_p":58.277027027,
  "uas":0.0,
  "tags_acc":91.8935208438,
  "token_acc":85.8994021722,
  "ents_r":50.8287292818
}