{
  "uas":0.0,
  "las":0.0,
  "ents_p":50.9900990099,
  "ents_r":35.4561101549,
  "ents_f":41.8274111675,
  "tags_acc":92.2385558687,
  "token_acc":86.5618298785
}