{
  "lang":"ar",
  "name":"unnamed",
  "pipeline":[
    "ner"
  ],
  "accuracy":{
    "uas":0.0,
    "las":0.0,
    "ents_p":50.9900990099,
    "ents_r":35.4561101549,
    "ents_f":41.8274111675,
    "tags_acc":92.2385558687,
    "token_acc":86.5618298785
  },
  "speed":{
    "nwords":6995,
    "cpu":18826.1469190746,
    "gpu":null
  },
  "vectors":{
    "width":0,
    "vectors":0,
    "keys":0
  },
  "spacy_version":">=2.0.9",
  "version":"0.0.0"
}