{
  "uas":0.0,
  "las":0.0,
  "ents_p":50.5773672055,
  "ents_r":37.6936316695,
  "ents_f":43.1952662722,
  "tags_acc":92.2385558687,
  "token_acc":86.5618298785
}