{
  "uas":0.0,
  "las":0.0,
  "ents_p":54.6728971963,
  "ents_r":40.2753872633,
  "ents_f":46.3825569871,
  "tags_acc":92.2385558687,
  "token_acc":86.5618298785
}