{
  "uas":0.0,
  "las":0.0,
  "ents_p":54.5673076923,
  "ents_r":39.0705679862,
  "ents_f":45.5366098295,
  "tags_acc":92.2385558687,
  "token_acc":86.5618298785
}