{
  "lang":"ar",
  "name":"unnamed",
  "pipeline":[
    "ner"
  ],
  "accuracy":{
    "uas":0.0,
    "las":0.0,
    "ents_p":54.5673076923,
    "ents_r":39.0705679862,
    "ents_f":45.5366098295,
    "tags_acc":92.2385558687,
    "token_acc":86.5618298785
  },
  "speed":{
    "nwords":6995,
    "cpu":18476.1044295213,
    "gpu":null
  },
  "vectors":{
    "width":0,
    "vectors":0,
    "keys":0
  },
  "spacy_version":">=2.0.9",
  "version":"0.0.0"
}