{
  "uas":0.0,
  "las":0.0,
  "ents_p":56.9655172414,
  "ents_r":45.635359116,
  "ents_f":50.6748466258,
  "tags_acc":92.0038132829,
  "token_acc":85.9209046608
}