{
  "las":0.0,
  "ents_f":44.7252053064,
  "ents_p":52.2123893805,
  "uas":0.0,
  "tags_acc":91.8935208438,
  "token_acc":85.8994021722,
  "ents_r":39.1160220994
}