{
  "vectors":{
    "keys":0,
    "width":0,
    "vectors":0
  },
  "name":"unnamed",
  "spacy_version":">=2.0.12.dev0",
  "pipeline":[
    "ner"
  ],
  "version":"0.0.0",
  "lang":"ar",
  "accuracy":{
    "las":0.0,
    "ents_f":44.7252053064,
    "ents_p":52.2123893805,
    "uas":0.0,
    "tags_acc":91.8935208438,
    "token_acc":85.8994021722,
    "ents_r":39.1160220994
  },
  "speed":{
    "cpu":7547.4546904578,
    "nwords":31949,
    "gpu":null
  }
}