{
  "uas":0.0,
  "las":0.0,
  "ents_p":50.569476082,
  "ents_r":38.2099827883,
  "ents_f":43.5294117647,
  "tags_acc":92.2385558687,
  "token_acc":86.5618298785
}