{
  "las":0.0,
  "ents_f":53.7821782178,
  "ents_p":58.1584582441,
  "uas":0.0,
  "tags_acc":91.8935208438,
  "token_acc":85.8994021722,
  "ents_r":50.0184162063
}