{
  "las":0.0,
  "ents_f":53.8835896438,
  "ents_p":57.1428571429,
  "uas":0.0,
  "tags_acc":91.8935208438,
  "token_acc":85.8994021722,
  "ents_r":50.9760589319
}