{
  "uas":0.0,
  "las":0.0,
  "ents_p":57.4315789474,
  "ents_r":50.2394106814,
  "ents_f":53.5952848723,
  "tags_acc":92.0038132829,
  "token_acc":85.9209046608
}