{
  "las":0.0,
  "ents_f":53.8905472637,
  "ents_p":58.6147186147,
  "uas":0.0,
  "tags_acc":91.8935208438,
  "token_acc":85.8994021722,
  "ents_r":49.8710865562
}