{
  "las":0.0,
  "ents_f":52.9285014691,
  "ents_p":56.5271966527,
  "uas":0.0,
  "tags_acc":91.8935208438,
  "token_acc":85.8994021722,
  "ents_r":49.7605893186
}