{
  "uas":0.0,
  "las":0.0,
  "ents_p":53.8975501114,
  "ents_r":41.65232358,
  "ents_f":46.9902912621,
  "tags_acc":92.2385558687,
  "token_acc":86.5618298785
}