{
  "las":0.0,
  "ents_f":53.9551357733,
  "ents_p":57.9214195184,
  "uas":0.0,
  "tags_acc":91.8935208438,
  "token_acc":85.8994021722,
  "ents_r":50.4972375691
}