{
  "uas":0.0,
  "las":0.0,
  "ents_p":35.119047619,
  "ents_r":10.1549053356,
  "ents_f":15.7543391188,
  "tags_acc":92.2385558687,
  "token_acc":86.5618298785
}