{
  "uas":0.0,
  "las":0.0,
  "ents_p":54.233409611,
  "ents_r":40.7917383821,
  "ents_f":46.5618860511,
  "tags_acc":92.2385558687,
  "token_acc":86.5618298785
}