{
  "uas":0.0,
  "las":0.0,
  "ents_p":57.8813559322,
  "ents_r":50.3130755064,
  "ents_f":53.8325123153,
  "tags_acc":92.0038132829,
  "token_acc":85.9209046608
}