{
  "uas":0.0,
  "las":0.0,
  "ents_p":50.5025125628,
  "ents_r":34.595524957,
  "ents_f":41.062308478,
  "tags_acc":92.2385558687,
  "token_acc":86.5618298785
}