{
  "lang":"ar",
  "name":"unnamed",
  "pipeline":[
    "ner"
  ],
  "accuracy":{
    "uas":0.0,
    "las":0.0,
    "ents_p":50.5025125628,
    "ents_r":34.595524957,
    "ents_f":41.062308478,
    "tags_acc":92.2385558687,
    "token_acc":86.5618298785
  },
  "speed":{
    "nwords":6995,
    "cpu":19123.7844470208,
    "gpu":null
  },
  "vectors":{
    "width":0,
    "vectors":0,
    "keys":0
  },
  "spacy_version":">=2.0.9",
  "version":"0.0.0"
}