{
  "uas":0.0,
  "las":0.0,
  "ents_p":52.7186761229,
  "ents_r":38.3820998279,
  "ents_f":44.422310757,
  "tags_acc":92.2385558687,
  "token_acc":86.5618298785
}