{
  "uas":0.0,
  "las":0.0,
  "ents_p":57.9545454545,
  "ents_r":50.7182320442,
  "ents_f":54.095462581,
  "tags_acc":92.0038132829,
  "token_acc":85.9209046608
}