{
  "uas":0.0,
  "las":0.0,
  "ents_p":43.3436532508,
  "ents_r":24.0963855422,
  "ents_f":30.9734513274,
  "tags_acc":92.2385558687,
  "token_acc":86.5618298785
}