{
  "las":0.0,
  "ents_f":53.882725832,
  "ents_p":58.294042006,
  "uas":0.0,
  "tags_acc":91.8935208438,
  "token_acc":85.8994021722,
  "ents_r":50.0920810313
}