{
  "las":0.0,
  "ents_f":52.9811613906,
  "ents_p":56.039441249,
  "uas":0.0,
  "tags_acc":91.8935208438,
  "token_acc":85.8994021722,
  "ents_r":50.2394106814
}