{
  "uas":0.0,
  "las":0.0,
  "ents_p":54.2923433875,
  "ents_r":40.2753872633,
  "ents_f":46.2450592885,
  "tags_acc":92.2385558687,
  "token_acc":86.5618298785
}