{
  "uas":0.0,
  "las":0.0,
  "ents_p":57.8171091445,
  "ents_r":50.5340699816,
  "ents_f":53.9308176101,
  "tags_acc":92.0038132829,
  "token_acc":85.9209046608
}