{
  "uas":0.0,
  "las":0.0,
  "ents_p":57.5116377486,
  "ents_r":50.0552486188,
  "ents_f":53.5250098464,
  "tags_acc":92.0038132829,
  "token_acc":85.9209046608
}