{
  "uas":0.0,
  "las":0.0,
  "ents_p":48.4771573604,
  "ents_r":32.8743545611,
  "ents_f":39.1794871795,
  "tags_acc":92.2385558687,
  "token_acc":86.5618298785
}