{
  "las":0.0,
  "ents_f":53.6652293218,
  "ents_p":57.3523250943,
  "uas":0.0,
  "tags_acc":91.8935208438,
  "token_acc":85.8994021722,
  "ents_r":50.423572744
}