{
  "uas":0.0,
  "las":0.0,
  "ents_p":51.9230769231,
  "ents_r":37.1772805508,
  "ents_f":43.3299899699,
  "tags_acc":92.2385558687,
  "token_acc":86.5618298785
}