{
  "lang":"ar",
  "name":"unnamed",
  "pipeline":[
    "ner"
  ],
  "accuracy":{
    "uas":0.0,
    "las":0.0,
    "ents_p":51.9230769231,
    "ents_r":37.1772805508,
    "ents_f":43.3299899699,
    "tags_acc":92.2385558687,
    "token_acc":86.5618298785
  },
  "speed":{
    "nwords":6995,
    "cpu":18832.8176199078,
    "gpu":null
  },
  "vectors":{
    "width":0,
    "vectors":0,
    "keys":0
  },
  "spacy_version":">=2.0.9",
  "version":"0.0.0"
}