{
  "uas":0.0,
  "las":0.0,
  "ents_p":57.6761744966,
  "ents_r":50.6445672192,
  "ents_f":53.9321435576,
  "tags_acc":92.0038132829,
  "token_acc":85.9209046608
}