{
  "uas":0.0,
  "las":0.0,
  "ents_p":56.4948453608,
  "ents_r":50.4604051565,
  "ents_f":53.3073929961,
  "tags_acc":92.0038132829,
  "token_acc":85.9209046608
}