{
  "lang":"ar",
  "name":"unnamed",
  "pipeline":[
    "ner"
  ],
  "accuracy":{
    "uas":0.0,
    "las":0.0,
    "ents_p":56.4948453608,
    "ents_r":50.4604051565,
    "ents_f":53.3073929961,
    "tags_acc":92.0038132829,
    "token_acc":85.9209046608
  },
  "speed":{
    "nwords":32012,
    "cpu":15629.8862928573,
    "gpu":null
  },
  "vectors":{
    "width":0,
    "vectors":0,
    "keys":0
  },
  "spacy_version":">=2.0.9",
  "version":"0.0.0"
}