{
  "uas":0.0,
  "las":0.0,
  "ents_p":54.1062801932,
  "ents_r":38.5542168675,
  "ents_f":45.0251256281,
  "tags_acc":92.2385558687,
  "token_acc":86.5618298785
}