{
  "uas":0.0,
  "las":0.0,
  "ents_p":58.2478632479,
  "ents_r":50.2025782689,
  "ents_f":53.9268051434,
  "tags_acc":92.0038132829,
  "token_acc":85.9209046608
}