{
  "uas":0.0,
  "las":0.0,
  "ents_p":53.023255814,
  "ents_r":39.2426850258,
  "ents_f":45.1038575668,
  "tags_acc":92.2385558687,
  "token_acc":86.5618298785
}