{
  "uas":0.0,
  "las":0.0,
  "ents_p":57.5,
  "ents_r":49.9815837937,
  "ents_f":53.4778325123,
  "tags_acc":92.0038132829,
  "token_acc":85.9209046608
}