{
  "uas":0.0,
  "las":0.0,
  "ents_p":46.3730569948,
  "ents_r":30.8089500861,
  "ents_f":37.0217166494,
  "tags_acc":92.2385558687,
  "token_acc":86.5618298785
}