{
  "las":0.0,
  "ents_f":54.1935483871,
  "ents_p":57.75,
  "uas":0.0,
  "tags_acc":91.8935208438,
  "token_acc":85.8994021722,
  "ents_r":51.0497237569
}