{
  "uas":0.0,
  "las":0.0,
  "ents_p":53.8095238095,
  "ents_r":38.8984509466,
  "ents_f":45.1548451548,
  "tags_acc":92.2385558687,
  "token_acc":86.5618298785
}