{
  "uas":0.0,
  "las":0.0,
  "ents_p":57.0585756426,
  "ents_r":49.8710865562,
  "ents_f":53.2232704403,
  "tags_acc":92.0038132829,
  "token_acc":85.9209046608
}