{
  "uas":0.0,
  "las":0.0,
  "ents_p":54.1860465116,
  "ents_r":40.1032702238,
  "ents_f":46.0929772502,
  "tags_acc":92.2385558687,
  "token_acc":86.5618298785
}