{
  "uas":0.0,
  "las":0.0,
  "ents_p":43.5215946844,
  "ents_r":22.5473321859,
  "ents_f":29.7052154195,
  "tags_acc":92.2385558687,
  "token_acc":86.5618298785
}