{
  "uas":0.0,
  "las":0.0,
  "ents_p":51.1848341232,
  "ents_r":37.1772805508,
  "ents_f":43.0707876371,
  "tags_acc":92.2385558687,
  "token_acc":86.5618298785
}