{
  "uas":0.0,
  "las":0.0,
  "ents_p":57.0466975179,
  "ents_r":49.9447513812,
  "ents_f":53.2600157109,
  "tags_acc":92.0038132829,
  "token_acc":85.9209046608
}