{
  "lang":"ar",
  "name":"unnamed",
  "pipeline":[
    "ner"
  ],
  "accuracy":{
    "uas":0.0,
    "las":0.0,
    "ents_p":57.0466975179,
    "ents_r":49.9447513812,
    "ents_f":53.2600157109,
    "tags_acc":92.0038132829,
    "token_acc":85.9209046608
  },
  "speed":{
    "nwords":32012,
    "cpu":16739.8178453522,
    "gpu":null
  },
  "vectors":{
    "width":0,
    "vectors":0,
    "keys":0
  },
  "spacy_version":">=2.0.9",
  "version":"0.0.0"
}