{
  "las":0.0,
  "ents_f":54.165845972,
  "ents_p":58.2133784928,
  "uas":0.0,
  "tags_acc":91.8935208438,
  "token_acc":85.8994021722,
  "ents_r":50.6445672192
}