{
  "las":0.0,
  "ents_f":54.1724205958,
  "ents_p":58.3262531861,
  "uas":0.0,
  "tags_acc":91.8935208438,
  "token_acc":85.8994021722,
  "ents_r":50.5709023941
}