{
  "uas":0.0,
  "las":0.0,
  "ents_p":47.9545454545,
  "ents_r":36.3166953528,
  "ents_f":41.3320274241,
  "tags_acc":92.2385558687,
  "token_acc":86.5618298785
}