{
  "las":0.0,
  "ents_f":54.2727452141,
  "ents_p":58.4608843537,
  "uas":0.0,
  "tags_acc":91.8935208438,
  "token_acc":85.8994021722,
  "ents_r":50.6445672192
}