{
  "uas":0.0,
  "las":0.0,
  "ents_p":51.2585812357,
  "ents_r":38.5542168675,
  "ents_f":44.0078585462,
  "tags_acc":92.2385558687,
  "token_acc":86.5618298785
}