{
  "uas":0.0,
  "las":0.0,
  "ents_p":55.3140096618,
  "ents_r":39.4148020654,
  "ents_f":46.0301507538,
  "tags_acc":92.2385558687,
  "token_acc":86.5618298785
}