{
  "las":0.0,
  "ents_f":52.1021611002,
  "ents_p":55.8315789474,
  "uas":0.0,
  "tags_acc":91.8935208438,
  "token_acc":85.8994021722,
  "ents_r":48.8397790055
}