{
  "lang":"ar",
  "name":"unnamed",
  "pipeline":[
    "ner"
  ],
  "accuracy":{
    "uas":0.0,
    "las":0.0,
    "ents_p":58.7726879862,
    "ents_r":50.0920810313,
    "ents_f":54.0862994631,
    "tags_acc":92.0038132829,
    "token_acc":85.9209046608
  },
  "speed":{
    "nwords":32012,
    "cpu":16600.2436276235,
    "gpu":null
  },
  "vectors":{
    "width":0,
    "vectors":0,
    "keys":0
  },
  "spacy_version":">=2.0.9",
  "version":"0.0.0"
}