{
  "uas":0.0,
  "las":0.0,
  "ents_p":58.3580194668,
  "ents_r":50.7918968692,
  "ents_f":54.3127215439,
  "tags_acc":92.0038132829,
  "token_acc":85.9209046608
}