{
  "las":0.0,
  "ents_f":49.4264439525,
  "ents_p":54.4809228039,
  "uas":0.0,
  "tags_acc":91.8935208438,
  "token_acc":85.8994021722,
  "ents_r":45.2302025783
}