{
  "uas":0.0,
  "las":0.0,
  "ents_p":58.1802648441,
  "ents_r":50.1657458564,
  "ents_f":53.8765822785,
  "tags_acc":92.0038132829,
  "token_acc":85.9209046608
}