{
  "uas":0.0,
  "las":0.0,
  "ents_p":58.6086956522,
  "ents_r":49.650092081,
  "ents_f":53.7587238285,
  "tags_acc":92.0038132829,
  "token_acc":85.9209046608
}