{
  "uas":0.0,
  "las":0.0,
  "ents_p":57.5052854123,
  "ents_r":50.0920810313,
  "ents_f":53.5433070866,
  "tags_acc":92.0038132829,
  "token_acc":85.9209046608
}