{
  "lang":"ar",
  "name":"unnamed",
  "pipeline":[
    "ner"
  ],
  "accuracy":{
    "uas":0.0,
    "las":0.0,
    "ents_p":57.5052854123,
    "ents_r":50.0920810313,
    "ents_f":53.5433070866,
    "tags_acc":92.0038132829,
    "token_acc":85.9209046608
  },
  "speed":{
    "nwords":32012,
    "cpu":16239.1193055793,
    "gpu":null
  },
  "vectors":{
    "width":0,
    "vectors":0,
    "keys":0
  },
  "spacy_version":">=2.0.9",
  "version":"0.0.0"
}