{
  "uas":0.0,
  "las":0.0,
  "ents_p":51.8348623853,
  "ents_r":38.8984509466,
  "ents_f":44.4444444444,
  "tags_acc":92.2385558687,
  "token_acc":86.5618298785
}