{
  "uas":0.0,
  "las":0.0,
  "ents_p":52.8169014085,
  "ents_r":38.7263339071,
  "ents_f":44.6871896723,
  "tags_acc":92.2385558687,
  "token_acc":86.5618298785
}