{
  "uas":0.0,
  "las":0.0,
  "ents_p":59.1773551526,
  "ents_r":49.2817679558,
  "ents_f":53.7781350482,
  "tags_acc":92.0038132829,
  "token_acc":85.9209046608
}