{
  "uas":0.0,
  "las":0.0,
  "ents_p":54.2253521127,
  "ents_r":39.7590361446,
  "ents_f":45.8788480636,
  "tags_acc":92.2385558687,
  "token_acc":86.5618298785
}